ImageName,v_1,v_2,v_3,v_4,v_5,v_6,v_7,v_8,v_9,v_10,v_11,v_12,v_13,v_14,v_15,v_16,v_17,v_18,v_19,v_20,v_21,v_22,v_23,v_24,v_25,v_26,v_27,v_28,v_29,v_30,v_31,v_32,v_33,v_34,v_35,v_36,v_37,v_38,v_39,v_40,v_41,v_42,v_43,v_44,v_45,v_46,v_47,v_48,v_49,v_50,v_51,v_52,v_53,v_54,v_55,v_56,v_57,v_58,v_59,v_60,v_61,v_62,v_63,v_64,v_65,v_66,v_67,v_68,v_69,v_70,v_71,v_72,v_73,v_74,v_75,v_76,v_77,v_78,v_79,v_80,v_81,v_82,v_83,v_84,v_85,v_86,v_87,v_88,v_89,v_90,v_91,v_92,v_93,v_94,v_95,v_96,v_97,v_98,v_99,v_100,v_101,v_102,v_103,v_104,v_105,v_106,v_107,v_108,v_109,v_110,v_111,v_112,v_113,v_114,v_115,v_116,v_117,v_118,v_119,v_120,v_121,v_122,v_123,v_124,v_125,v_126,v_127,v_128,v_129,v_130,v_131,v_132,v_133,v_134,v_135,v_136,v_137,v_138,v_139,v_140,v_141,v_142,v_143,v_144,v_145,v_146,v_147,v_148,v_149,v_150,v_151,v_152,v_153,v_154,v_155,v_156,v_157,v_158,v_159,v_160,v_161,v_162,v_163,v_164,v_165,v_166,v_167,v_168,v_169,v_170,v_171,v_172,v_173,v_174,v_175,v_176,v_177,v_178,v_179,v_180,v_181,v_182,v_183,v_184,v_185,v_186,v_187,v_188,v_189,v_190,v_191,v_192,v_193,v_194,v_195,v_196,v_197,v_198,v_199,v_200,v_201,v_202,v_203,v_204,v_205,v_206,v_207,v_208,v_209,v_210,v_211,v_212,v_213,v_214,v_215,v_216,v_217,v_218,v_219,v_220,v_221,v_222,v_223,v_224,v_225,v_226,v_227,v_228,v_229,v_230,v_231,v_232,v_233,v_234,v_235,v_236,v_237,v_238,v_239,v_240,v_241,v_242,v_243,v_244,v_245,v_246,v_247,v_248,v_249,v_250,v_251,v_252,v_253,v_254,v_255,v_256,Label
img_1_2_2,393.0,18.0,232.0,45.0,20.0,1.0,45.0,25.0,248.0,17.0,25.0,20.0,33.0,2.0,155.0,349.0,24.0,5.0,13.0,2.0,2.0,0.0,1.0,0.0,39.0,3.0,14.0,11.0,26.0,2.0,278.0,270.0,241.0,15.0,122.0,6.0,9.0,3.0,3.0,3.0,26.0,0.0,2.0,0.0,6.0,1.0,6.0,9.0,48.0,5.0,2.0,2.0,2.0,0.0,5.0,5.0,154.0,10.0,11.0,14.0,239.0,13.0,304.0,286.0,19.0,2.0,13.0,1.0,1.0,0.0,4.0,1.0,12.0,2.0,1.0,1.0,1.0,0.0,10.0,18.0,1.0,0.0,2.0,0.0,0.0,0.0,0.0,0.0,1.0,0.0,1.0,0.0,3.0,1.0,10.0,24.0,36.0,1.0,8.0,3.0,6.0,0.0,1.0,3.0,6.0,1.0,0.0,2.0,14.0,1.0,25.0,40.0,38.0,1.0,5.0,3.0,2.0,0.0,4.0,12.0,325.0,14.0,8.0,46.0,259.0,15.0,271.0,516.0,244.0,38.0,25.0,109.0,20.0,0.0,5.0,140.0,153.0,6.0,0.0,7.0,3.0,5.0,7.0,545.0,16.0,6.0,0.0,10.0,2.0,1.0,0.0,21.0,15.0,6.0,0.0,30.0,4.0,5.0,7.0,308.0,24.0,13.0,1.0,10.0,0.0,2.0,0.0,3.0,0.0,0.0,0.0,0.0,0.0,0.0,1.0,17.0,21.0,15.0,1.0,26.0,0.0,1.0,2.0,32.0,17.0,30.0,1.0,75.0,2.0,25.0,12.0,709.0,42.0,39.0,7.0,262.0,1.0,0.0,14.0,135.0,10.0,6.0,1.0,5.0,5.0,2.0,29.0,284.0,0.0,0.0,1.0,13.0,2.0,1.0,2.0,12.0,7.0,5.0,2.0,35.0,3.0,6.0,39.0,513.0,156.0,243.0,13.0,681.0,7.0,12.0,20.0,282.0,17.0,5.0,1.0,13.0,42.0,31.0,68.0,693.0,301.0,238.0,7.0,288.0,17.0,23.0,45.0,526.0,923.0,313.0,23.0,719.0,319.0,526.0,733.0,222789.0,Label
img_1_2_4,4725.0,770.0,705.0,153.0,759.0,279.0,180.0,106.0,572.0,184.0,136.0,83.0,147.0,79.0,139.0,175.0,739.0,182.0,259.0,82.0,238.0,123.0,62.0,58.0,136.0,63.0,85.0,72.0,157.0,62.0,189.0,201.0,732.0,263.0,230.0,60.0,245.0,144.0,70.0,84.0,146.0,105.0,65.0,50.0,85.0,71.0,57.0,78.0,128.0,75.0,74.0,46.0,69.0,100.0,56.0,87.0,125.0,54.0,66.0,95.0,200.0,114.0,708.0,490.0,842.0,226.0,270.0,58.0,190.0,116.0,62.0,51.0,205.0,122.0,113.0,77.0,89.0,61.0,55.0,130.0,264.0,99.0,168.0,78.0,123.0,108.0,66.0,87.0,71.0,85.0,90.0,123.0,56.0,106.0,106.0,255.0,144.0,72.0,77.0,67.0,62.0,69.0,57.0,73.0,77.0,84.0,77.0,127.0,67.0,130.0,107.0,278.0,131.0,49.0,83.0,89.0,47.0,93.0,72.0,150.0,145.0,99.0,81.0,281.0,161.0,211.0,456.0,1425.0,569.0,160.0,144.0,145.0,187.0,76.0,79.0,189.0,221.0,63.0,51.0,60.0,50.0,54.0,53.0,462.0,212.0,75.0,105.0,64.0,130.0,84.0,94.0,116.0,60.0,58.0,70.0,87.0,46.0,81.0,92.0,425.0,151.0,87.0,79.0,79.0,111.0,91.0,69.0,106.0,67.0,76.0,88.0,103.0,81.0,165.0,107.0,567.0,94.0,60.0,77.0,89.0,78.0,146.0,109.0,269.0,63.0,103.0,113.0,279.0,89.0,318.0,493.0,1972.0,152.0,123.0,81.0,139.0,66.0,41.0,52.0,178.0,74.0,51.0,71.0,101.0,46.0,74.0,85.0,456.0,77.0,65.0,84.0,135.0,74.0,105.0,155.0,224.0,81.0,69.0,166.0,325.0,71.0,222.0,283.0,1680.0,139.0,241.0,79.0,698.0,64.0,137.0,119.0,445.0,85.0,85.0,105.0,506.0,87.0,311.0,259.0,2023.0,207.0,230.0,101.0,500.0,121.0,246.0,292.0,1453.0,720.0,422.0,580.0,2040.0,393.0,1675.0,1965.0,180760.0,Label
img_1_2_6,7380.0,1249.0,1015.0,284.0,1189.0,398.0,320.0,245.0,896.0,317.0,256.0,145.0,272.0,180.0,274.0,380.0,1168.0,323.0,364.0,133.0,356.0,175.0,130.0,99.0,249.0,113.0,162.0,128.0,253.0,106.0,353.0,338.0,1000.0,378.0,347.0,148.0,355.0,280.0,123.0,120.0,262.0,181.0,98.0,118.0,156.0,161.0,137.0,176.0,265.0,118.0,138.0,101.0,134.0,117.0,111.0,118.0,235.0,107.0,118.0,163.0,288.0,164.0,910.0,668.0,1141.0,367.0,417.0,131.0,313.0,185.0,152.0,84.0,322.0,187.0,178.0,134.0,133.0,134.0,107.0,179.0,407.0,175.0,284.0,131.0,151.0,166.0,121.0,145.0,148.0,143.0,151.0,223.0,95.0,164.0,193.0,324.0,263.0,146.0,145.0,123.0,125.0,142.0,77.0,140.0,152.0,110.0,119.0,189.0,111.0,255.0,145.0,436.0,226.0,112.0,130.0,132.0,92.0,148.0,143.0,337.0,324.0,157.0,163.0,438.0,314.0,332.0,579.0,1895.0,898.0,309.0,272.0,264.0,322.0,172.0,163.0,257.0,313.0,112.0,121.0,130.0,100.0,136.0,111.0,717.0,353.0,111.0,185.0,124.0,214.0,111.0,124.0,170.0,126.0,87.0,80.0,174.0,97.0,139.0,142.0,684.0,252.0,166.0,125.0,126.0,193.0,162.0,107.0,185.0,112.0,117.0,135.0,165.0,90.0,280.0,176.0,743.0,144.0,101.0,104.0,153.0,138.0,222.0,179.0,428.0,136.0,163.0,156.0,401.0,128.0,466.0,615.0,2762.0,290.0,255.0,158.0,371.0,105.0,127.0,96.0,315.0,130.0,108.0,99.0,161.0,89.0,152.0,155.0,659.0,153.0,105.0,150.0,201.0,121.0,171.0,257.0,380.0,130.0,137.0,291.0,483.0,118.0,372.0,468.0,2039.0,248.0,355.0,142.0,844.0,102.0,193.0,153.0,636.0,137.0,157.0,160.0,648.0,192.0,482.0,367.0,2726.0,413.0,333.0,143.0,661.0,173.0,372.0,468.0,1910.0,877.0,637.0,725.0,2809.0,640.0,2071.0,2657.0,149545.0,Label
img_1_2_8,7613.0,1299.0,1166.0,343.0,1265.0,440.0,316.0,268.0,1002.0,343.0,296.0,146.0,325.0,151.0,308.0,443.0,1207.0,315.0,421.0,148.0,342.0,181.0,131.0,104.0,281.0,127.0,164.0,150.0,283.0,108.0,463.0,491.0,1163.0,405.0,495.0,129.0,408.0,273.0,132.0,114.0,283.0,172.0,128.0,139.0,156.0,198.0,138.0,190.0,277.0,152.0,132.0,94.0,147.0,128.0,122.0,132.0,282.0,108.0,123.0,184.0,361.0,198.0,808.0,801.0,1195.0,352.0,423.0,140.0,313.0,161.0,145.0,110.0,339.0,211.0,184.0,147.0,125.0,130.0,127.0,237.0,418.0,183.0,279.0,123.0,151.0,162.0,131.0,162.0,169.0,113.0,169.0,222.0,124.0,132.0,217.0,356.0,309.0,164.0,141.0,105.0,131.0,130.0,106.0,117.0,150.0,118.0,115.0,226.0,103.0,253.0,171.0,461.0,275.0,116.0,127.0,144.0,102.0,175.0,141.0,343.0,383.0,148.0,163.0,423.0,412.0,343.0,712.0,2064.0,1059.0,309.0,305.0,286.0,340.0,138.0,158.0,307.0,460.0,141.0,125.0,132.0,126.0,135.0,139.0,651.0,394.0,132.0,167.0,157.0,185.0,130.0,103.0,197.0,125.0,103.0,109.0,177.0,117.0,140.0,157.0,730.0,301.0,161.0,123.0,155.0,197.0,154.0,124.0,181.0,118.0,117.0,112.0,160.0,103.0,285.0,154.0,732.0,161.0,129.0,107.0,200.0,141.0,208.0,233.0,474.0,138.0,192.0,153.0,449.0,138.0,536.0,620.0,2963.0,307.0,281.0,166.0,477.0,115.0,120.0,132.0,390.0,125.0,93.0,130.0,155.0,84.0,159.0,173.0,732.0,159.0,116.0,174.0,201.0,102.0,166.0,227.0,375.0,128.0,150.0,274.0,483.0,145.0,399.0,485.0,2387.0,313.0,414.0,148.0,934.0,143.0,220.0,150.0,784.0,155.0,143.0,157.0,669.0,168.0,554.0,456.0,3002.0,532.0,453.0,147.0,797.0,185.0,362.0,489.0,2101.0,957.0,769.0,722.0,2910.0,699.0,2242.0,2908.0,142221.0,Label
img_2_2_2,514.0,32.0,320.0,44.0,40.0,3.0,49.0,37.0,252.0,16.0,37.0,11.0,48.0,0.0,112.0,184.0,41.0,1.0,24.0,6.0,2.0,0.0,0.0,2.0,50.0,8.0,19.0,15.0,42.0,2.0,350.0,292.0,327.0,27.0,326.0,6.0,25.0,3.0,7.0,6.0,33.0,1.0,1.0,0.0,13.0,0.0,15.0,4.0,47.0,2.0,10.0,11.0,0.0,0.0,5.0,8.0,132.0,10.0,15.0,24.0,262.0,21.0,576.0,380.0,31.0,1.0,30.0,1.0,10.0,1.0,7.0,0.0,20.0,5.0,0.0,1.0,7.0,0.0,9.0,22.0,2.0,0.0,1.0,0.0,0.0,0.0,0.0,2.0,1.0,0.0,0.0,1.0,1.0,0.0,29.0,36.0,46.0,1.0,14.0,1.0,7.0,1.0,9.0,4.0,8.0,2.0,0.0,1.0,19.0,0.0,29.0,30.0,36.0,4.0,4.0,3.0,1.0,1.0,4.0,15.0,223.0,17.0,4.0,46.0,293.0,33.0,354.0,639.0,255.0,46.0,28.0,141.0,21.0,3.0,12.0,304.0,190.0,9.0,3.0,11.0,11.0,1.0,9.0,473.0,14.0,5.0,0.0,11.0,0.0,0.0,0.0,21.0,7.0,3.0,0.0,25.0,3.0,5.0,6.0,321.0,29.0,16.0,2.0,13.0,1.0,2.0,0.0,5.0,3.0,0.0,1.0,3.0,1.0,2.0,2.0,19.0,12.0,15.0,1.0,39.0,0.0,4.0,1.0,31.0,13.0,31.0,1.0,113.0,10.0,41.0,19.0,866.0,43.0,27.0,15.0,329.0,5.0,2.0,17.0,297.0,6.0,5.0,1.0,4.0,2.0,8.0,35.0,356.0,5.0,1.0,0.0,17.0,2.0,1.0,1.0,33.0,12.0,7.0,0.0,40.0,3.0,10.0,45.0,680.0,181.0,421.0,16.0,830.0,15.0,26.0,27.0,372.0,14.0,4.0,0.0,19.0,27.0,50.0,120.0,833.0,256.0,406.0,5.0,393.0,22.0,28.0,30.0,603.0,931.0,359.0,16.0,902.0,317.0,698.0,840.0,219079.0,Label
img_2_2_4,4019.0,520.0,653.0,166.0,538.0,181.0,159.0,132.0,584.0,198.0,135.0,89.0,150.0,63.0,260.0,265.0,519.0,155.0,176.0,70.0,179.0,80.0,59.0,58.0,162.0,63.0,100.0,78.0,129.0,43.0,292.0,380.0,632.0,186.0,275.0,74.0,190.0,99.0,83.0,68.0,151.0,89.0,67.0,54.0,84.0,62.0,46.0,91.0,161.0,67.0,92.0,67.0,66.0,51.0,55.0,82.0,189.0,94.0,66.0,104.0,299.0,116.0,826.0,629.0,560.0,171.0,208.0,76.0,143.0,74.0,62.0,66.0,188.0,86.0,81.0,64.0,55.0,60.0,63.0,111.0,203.0,81.0,105.0,46.0,72.0,64.0,42.0,71.0,64.0,60.0,74.0,122.0,66.0,76.0,111.0,184.0,207.0,64.0,82.0,65.0,56.0,55.0,60.0,73.0,80.0,69.0,56.0,95.0,63.0,123.0,89.0,239.0,164.0,61.0,57.0,83.0,47.0,84.0,78.0,175.0,317.0,111.0,101.0,245.0,316.0,196.0,572.0,1271.0,576.0,165.0,145.0,207.0,190.0,73.0,80.0,282.0,226.0,63.0,62.0,73.0,78.0,79.0,77.0,874.0,185.0,78.0,70.0,76.0,95.0,49.0,58.0,106.0,67.0,44.0,42.0,115.0,42.0,74.0,90.0,595.0,148.0,103.0,68.0,57.0,87.0,72.0,51.0,89.0,65.0,46.0,43.0,69.0,56.0,133.0,70.0,395.0,75.0,83.0,60.0,99.0,54.0,99.0,112.0,245.0,71.0,97.0,71.0,203.0,72.0,260.0,301.0,2023.0,201.0,123.0,86.0,319.0,70.0,47.0,63.0,293.0,64.0,57.0,47.0,73.0,68.0,74.0,97.0,572.0,69.0,47.0,81.0,93.0,61.0,83.0,106.0,193.0,70.0,73.0,118.0,271.0,66.0,189.0,269.0,1375.0,227.0,339.0,69.0,1357.0,66.0,96.0,86.0,590.0,70.0,81.0,73.0,307.0,109.0,241.0,261.0,1862.0,273.0,305.0,91.0,620.0,81.0,196.0,264.0,1263.0,1141.0,534.0,363.0,1868.0,602.0,1408.0,1921.0,182572.0,Label
img_2_2_6,6131.0,796.0,1196.0,327.0,836.0,215.0,293.0,246.0,1067.0,295.0,246.0,153.0,313.0,93.0,401.0,462.0,825.0,228.0,309.0,102.0,228.0,106.0,98.0,67.0,317.0,123.0,169.0,133.0,218.0,72.0,522.0,531.0,1217.0,335.0,576.0,156.0,318.0,153.0,112.0,97.0,239.0,115.0,93.0,67.0,157.0,122.0,99.0,129.0,303.0,118.0,123.0,76.0,91.0,77.0,87.0,106.0,316.0,124.0,135.0,163.0,447.0,214.0,926.0,836.0,875.0,238.0,349.0,99.0,216.0,106.0,103.0,74.0,310.0,140.0,119.0,107.0,97.0,79.0,122.0,191.0,241.0,109.0,172.0,89.0,109.0,102.0,66.0,109.0,103.0,77.0,126.0,165.0,83.0,98.0,210.0,317.0,302.0,107.0,126.0,94.0,127.0,89.0,85.0,119.0,149.0,95.0,74.0,186.0,121.0,151.0,183.0,403.0,231.0,81.0,103.0,105.0,73.0,104.0,119.0,269.0,468.0,184.0,142.0,443.0,430.0,349.0,822.0,2130.0,1072.0,308.0,257.0,370.0,292.0,95.0,151.0,466.0,408.0,121.0,68.0,99.0,114.0,100.0,95.0,754.0,289.0,104.0,130.0,143.0,138.0,84.0,87.0,192.0,110.0,103.0,50.0,195.0,93.0,125.0,123.0,797.0,287.0,153.0,107.0,105.0,124.0,104.0,65.0,132.0,85.0,72.0,65.0,80.0,68.0,166.0,86.0,539.0,136.0,115.0,65.0,191.0,99.0,159.0,155.0,424.0,109.0,191.0,113.0,362.0,144.0,420.0,487.0,2642.0,276.0,251.0,154.0,559.0,120.0,92.0,112.0,497.0,121.0,77.0,83.0,157.0,83.0,116.0,195.0,748.0,78.0,74.0,133.0,194.0,87.0,97.0,149.0,316.0,119.0,105.0,195.0,415.0,115.0,324.0,470.0,2340.0,370.0,506.0,111.0,1134.0,118.0,198.0,171.0,843.0,102.0,121.0,102.0,489.0,184.0,436.0,404.0,2573.0,429.0,434.0,119.0,822.0,181.0,289.0,407.0,2155.0,1069.0,789.0,555.0,2565.0,767.0,2343.0,2660.0,153009.0,Label
img_2_2_8,7383.0,1044.0,1498.0,370.0,1027.0,308.0,394.0,346.0,1321.0,340.0,320.0,196.0,410.0,151.0,462.0,512.0,1046.0,286.0,386.0,165.0,315.0,147.0,133.0,130.0,405.0,140.0,226.0,156.0,382.0,87.0,594.0,590.0,1408.0,397.0,699.0,161.0,388.0,229.0,186.0,121.0,301.0,149.0,122.0,120.0,203.0,139.0,170.0,183.0,403.0,193.0,163.0,117.0,126.0,110.0,125.0,158.0,417.0,172.0,166.0,226.0,659.0,236.0,1123.0,916.0,1074.0,296.0,364.0,145.0,252.0,145.0,156.0,126.0,372.0,184.0,144.0,144.0,137.0,107.0,150.0,249.0,327.0,114.0,189.0,104.0,106.0,116.0,86.0,111.0,130.0,91.0,125.0,202.0,129.0,122.0,255.0,343.0,430.0,130.0,177.0,162.0,155.0,104.0,108.0,157.0,198.0,121.0,99.0,184.0,156.0,166.0,228.0,482.0,344.0,109.0,151.0,153.0,116.0,105.0,161.0,352.0,615.0,229.0,186.0,474.0,591.0,393.0,924.0,2424.0,1356.0,421.0,311.0,468.0,338.0,183.0,212.0,641.0,513.0,153.0,100.0,145.0,181.0,147.0,148.0,968.0,388.0,120.0,151.0,145.0,140.0,90.0,128.0,244.0,164.0,97.0,95.0,216.0,114.0,151.0,153.0,929.0,301.0,195.0,132.0,160.0,160.0,121.0,106.0,186.0,118.0,116.0,62.0,115.0,93.0,239.0,117.0,584.0,183.0,175.0,94.0,221.0,145.0,183.0,191.0,505.0,175.0,210.0,144.0,432.0,154.0,486.0,540.0,2795.0,443.0,343.0,201.0,622.0,138.0,111.0,167.0,627.0,130.0,131.0,88.0,168.0,102.0,170.0,206.0,890.0,163.0,97.0,123.0,240.0,117.0,113.0,187.0,374.0,161.0,166.0,225.0,479.0,163.0,413.0,520.0,2574.0,471.0,640.0,159.0,1315.0,157.0,232.0,224.0,944.0,169.0,192.0,117.0,532.0,209.0,532.0,412.0,2747.0,606.0,634.0,170.0,944.0,243.0,396.0,525.0,2401.0,1143.0,907.0,582.0,2753.0,885.0,2532.0,2757.0,135235.0,Label
img_3_2_2,3352.0,548.0,383.0,105.0,525.0,191.0,115.0,72.0,380.0,147.0,100.0,58.0,95.0,68.0,90.0,104.0,603.0,134.0,173.0,55.0,141.0,61.0,48.0,38.0,93.0,55.0,70.0,55.0,72.0,39.0,125.0,99.0,407.0,149.0,94.0,50.0,168.0,118.0,39.0,33.0,101.0,81.0,37.0,42.0,62.0,74.0,32.0,94.0,123.0,53.0,34.0,58.0,41.0,60.0,30.0,40.0,73.0,51.0,39.0,75.0,106.0,74.0,251.0,258.0,568.0,133.0,159.0,53.0,122.0,68.0,44.0,32.0,150.0,87.0,91.0,57.0,48.0,32.0,53.0,66.0,184.0,64.0,130.0,41.0,67.0,65.0,45.0,56.0,51.0,56.0,68.0,107.0,33.0,54.0,80.0,145.0,119.0,50.0,29.0,29.0,50.0,42.0,52.0,61.0,41.0,46.0,47.0,79.0,43.0,97.0,81.0,163.0,76.0,26.0,32.0,60.0,38.0,48.0,39.0,127.0,95.0,81.0,69.0,166.0,83.0,152.0,251.0,1050.0,364.0,91.0,80.0,53.0,125.0,48.0,45.0,83.0,99.0,33.0,39.0,38.0,29.0,42.0,36.0,345.0,137.0,48.0,78.0,48.0,98.0,46.0,58.0,66.0,34.0,30.0,38.0,54.0,32.0,61.0,49.0,266.0,77.0,82.0,41.0,36.0,88.0,73.0,51.0,71.0,43.0,36.0,38.0,41.0,44.0,124.0,55.0,442.0,50.0,60.0,44.0,79.0,67.0,104.0,89.0,186.0,38.0,65.0,50.0,155.0,60.0,225.0,374.0,1539.0,106.0,67.0,59.0,73.0,48.0,25.0,39.0,61.0,33.0,35.0,29.0,41.0,36.0,59.0,73.0,249.0,56.0,27.0,78.0,70.0,46.0,61.0,88.0,137.0,47.0,59.0,133.0,224.0,47.0,145.0,252.0,1195.0,73.0,130.0,42.0,547.0,65.0,85.0,58.0,239.0,44.0,55.0,68.0,381.0,68.0,248.0,154.0,1497.0,123.0,85.0,66.0,263.0,75.0,184.0,204.0,1024.0,694.0,248.0,477.0,1580.0,252.0,1198.0,1537.0,199746.0,Label
img_3_2_4,4459.0,728.0,675.0,167.0,729.0,257.0,170.0,153.0,588.0,199.0,157.0,102.0,151.0,90.0,237.0,318.0,708.0,175.0,225.0,66.0,215.0,107.0,75.0,46.0,153.0,65.0,100.0,62.0,134.0,50.0,472.0,427.0,699.0,228.0,271.0,74.0,216.0,127.0,71.0,48.0,160.0,106.0,57.0,72.0,92.0,96.0,67.0,88.0,160.0,70.0,73.0,63.0,74.0,86.0,38.0,66.0,211.0,70.0,74.0,99.0,338.0,93.0,591.0,590.0,740.0,207.0,198.0,80.0,172.0,96.0,53.0,49.0,195.0,102.0,95.0,70.0,66.0,68.0,59.0,97.0,299.0,93.0,129.0,60.0,93.0,89.0,69.0,91.0,72.0,69.0,79.0,115.0,58.0,72.0,124.0,217.0,192.0,86.0,71.0,55.0,68.0,79.0,50.0,52.0,77.0,73.0,61.0,115.0,62.0,111.0,110.0,303.0,143.0,58.0,53.0,54.0,47.0,82.0,69.0,171.0,341.0,79.0,100.0,277.0,341.0,220.0,576.0,1551.0,588.0,155.0,156.0,214.0,194.0,68.0,79.0,329.0,242.0,69.0,55.0,57.0,59.0,47.0,63.0,696.0,187.0,70.0,112.0,66.0,103.0,61.0,67.0,113.0,66.0,39.0,55.0,91.0,40.0,75.0,75.0,604.0,153.0,86.0,47.0,60.0,117.0,101.0,76.0,85.0,58.0,69.0,62.0,94.0,56.0,159.0,82.0,517.0,83.0,73.0,70.0,112.0,61.0,121.0,114.0,272.0,56.0,110.0,83.0,293.0,81.0,312.0,456.0,2281.0,163.0,146.0,91.0,307.0,52.0,42.0,64.0,315.0,58.0,44.0,59.0,88.0,42.0,67.0,114.0,603.0,86.0,53.0,99.0,128.0,68.0,83.0,136.0,202.0,73.0,67.0,149.0,318.0,71.0,182.0,312.0,1692.0,243.0,478.0,71.0,946.0,73.0,137.0,114.0,577.0,58.0,86.0,87.0,465.0,111.0,280.0,326.0,2297.0,396.0,432.0,83.0,587.0,97.0,204.0,257.0,1570.0,1065.0,569.0,554.0,2338.0,524.0,1711.0,2276.0,176488.0,Label
img_3_2_6,6143.0,1025.0,800.0,182.0,1080.0,348.0,215.0,172.0,685.0,293.0,208.0,132.0,233.0,125.0,218.0,323.0,979.0,285.0,303.0,116.0,302.0,136.0,115.0,71.0,225.0,114.0,139.0,107.0,215.0,71.0,390.0,260.0,821.0,297.0,223.0,102.0,321.0,206.0,99.0,78.0,166.0,191.0,97.0,92.0,112.0,119.0,103.0,148.0,217.0,111.0,105.0,78.0,99.0,96.0,83.0,108.0,225.0,128.0,87.0,154.0,302.0,169.0,688.0,659.0,1035.0,294.0,316.0,88.0,276.0,146.0,114.0,76.0,291.0,178.0,170.0,127.0,123.0,96.0,134.0,168.0,352.0,152.0,197.0,100.0,138.0,121.0,88.0,129.0,122.0,93.0,122.0,195.0,75.0,114.0,153.0,282.0,235.0,99.0,91.0,78.0,123.0,95.0,55.0,110.0,104.0,115.0,88.0,174.0,114.0,180.0,146.0,367.0,194.0,63.0,73.0,100.0,79.0,118.0,94.0,212.0,345.0,158.0,124.0,395.0,282.0,316.0,700.0,1779.0,706.0,243.0,189.0,244.0,293.0,108.0,119.0,303.0,239.0,84.0,81.0,96.0,73.0,63.0,87.0,745.0,296.0,134.0,173.0,116.0,157.0,116.0,117.0,160.0,88.0,67.0,98.0,140.0,88.0,102.0,117.0,633.0,202.0,128.0,94.0,102.0,131.0,121.0,81.0,117.0,77.0,98.0,85.0,118.0,82.0,203.0,121.0,695.0,150.0,110.0,97.0,165.0,115.0,183.0,160.0,406.0,100.0,157.0,113.0,330.0,118.0,403.0,617.0,2741.0,220.0,202.0,116.0,301.0,120.0,73.0,108.0,279.0,66.0,57.0,72.0,98.0,70.0,103.0,143.0,605.0,121.0,85.0,117.0,160.0,99.0,118.0,189.0,300.0,101.0,102.0,182.0,422.0,86.0,275.0,384.0,1899.0,230.0,305.0,94.0,953.0,125.0,155.0,171.0,629.0,92.0,108.0,124.0,599.0,134.0,445.0,353.0,2781.0,357.0,299.0,140.0,586.0,193.0,293.0,386.0,1738.0,1064.0,595.0,698.0,2741.0,599.0,1857.0,2822.0,160601.0,Label
img_3_2_8,5515.0,800.0,874.0,240.0,821.0,285.0,238.0,249.0,800.0,251.0,174.0,126.0,220.0,95.0,303.0,429.0,813.0,234.0,236.0,98.0,237.0,110.0,74.0,70.0,237.0,79.0,93.0,96.0,163.0,75.0,454.0,484.0,925.0,252.0,302.0,82.0,229.0,166.0,90.0,72.0,210.0,103.0,72.0,75.0,98.0,124.0,87.0,133.0,235.0,95.0,94.0,56.0,88.0,68.0,78.0,103.0,367.0,94.0,69.0,150.0,455.0,151.0,1141.0,850.0,805.0,263.0,272.0,88.0,206.0,109.0,106.0,67.0,286.0,124.0,103.0,95.0,85.0,74.0,92.0,139.0,257.0,104.0,151.0,71.0,108.0,92.0,77.0,83.0,97.0,81.0,116.0,153.0,61.0,94.0,171.0,273.0,231.0,71.0,100.0,74.0,94.0,85.0,62.0,94.0,119.0,86.0,87.0,140.0,91.0,164.0,132.0,357.0,226.0,52.0,85.0,94.0,69.0,89.0,106.0,219.0,460.0,162.0,121.0,361.0,533.0,278.0,903.0,1974.0,843.0,210.0,201.0,314.0,257.0,85.0,113.0,596.0,344.0,102.0,68.0,94.0,92.0,80.0,76.0,1125.0,240.0,95.0,101.0,88.0,132.0,79.0,74.0,152.0,69.0,70.0,64.0,124.0,63.0,95.0,103.0,801.0,197.0,110.0,77.0,101.0,102.0,100.0,74.0,121.0,72.0,48.0,63.0,94.0,68.0,172.0,107.0,667.0,125.0,114.0,64.0,156.0,97.0,132.0,137.0,336.0,122.0,130.0,91.0,318.0,114.0,372.0,547.0,3014.0,220.0,226.0,127.0,517.0,96.0,47.0,105.0,549.0,83.0,63.0,73.0,102.0,78.0,113.0,118.0,823.0,104.0,74.0,102.0,159.0,88.0,94.0,143.0,260.0,91.0,96.0,180.0,398.0,104.0,212.0,351.0,2139.0,380.0,579.0,96.0,1342.0,111.0,160.0,122.0,839.0,122.0,112.0,107.0,516.0,126.0,366.0,336.0,2962.0,490.0,524.0,129.0,956.0,142.0,248.0,320.0,1975.0,1466.0,849.0,643.0,3021.0,869.0,2141.0,3034.0,157281.0,Label
img_4_2_2,4569.0,749.0,533.0,169.0,725.0,247.0,171.0,146.0,529.0,202.0,130.0,63.0,128.0,80.0,117.0,199.0,730.0,175.0,209.0,57.0,201.0,93.0,78.0,49.0,138.0,63.0,81.0,52.0,91.0,53.0,113.0,111.0,524.0,228.0,154.0,44.0,205.0,160.0,51.0,58.0,120.0,122.0,65.0,73.0,93.0,103.0,61.0,108.0,178.0,76.0,52.0,57.0,62.0,73.0,47.0,80.0,124.0,79.0,55.0,126.0,133.0,86.0,183.0,362.0,717.0,172.0,239.0,71.0,205.0,88.0,74.0,39.0,245.0,124.0,103.0,77.0,71.0,69.0,66.0,98.0,239.0,95.0,141.0,65.0,84.0,103.0,80.0,78.0,62.0,55.0,90.0,132.0,53.0,89.0,95.0,212.0,178.0,62.0,69.0,38.0,77.0,77.0,79.0,104.0,76.0,80.0,90.0,121.0,73.0,110.0,90.0,264.0,137.0,46.0,52.0,67.0,43.0,97.0,98.0,191.0,182.0,108.0,109.0,259.0,128.0,218.0,348.0,1348.0,543.0,129.0,129.0,119.0,208.0,64.0,75.0,201.0,239.0,48.0,59.0,44.0,63.0,69.0,58.0,560.0,244.0,70.0,120.0,68.0,115.0,65.0,72.0,98.0,61.0,45.0,75.0,121.0,51.0,72.0,75.0,372.0,117.0,102.0,63.0,47.0,93.0,95.0,69.0,98.0,57.0,66.0,60.0,97.0,54.0,148.0,83.0,568.0,75.0,57.0,70.0,82.0,74.0,134.0,118.0,277.0,60.0,109.0,91.0,221.0,68.0,301.0,468.0,1918.0,150.0,120.0,98.0,127.0,57.0,43.0,68.0,96.0,51.0,62.0,51.0,76.0,55.0,82.0,121.0,387.0,83.0,41.0,107.0,93.0,53.0,70.0,144.0,227.0,68.0,81.0,171.0,300.0,87.0,239.0,291.0,1507.0,97.0,126.0,58.0,551.0,59.0,91.0,95.0,305.0,58.0,78.0,92.0,467.0,100.0,279.0,229.0,1903.0,173.0,117.0,103.0,338.0,94.0,183.0,273.0,1298.0,1026.0,328.0,580.0,1899.0,385.0,1597.0,1882.0,185515.0,Label
img_4_2_4,5797.0,893.0,752.0,209.0,916.0,310.0,208.0,219.0,696.0,235.0,191.0,118.0,210.0,120.0,139.0,211.0,909.0,208.0,271.0,96.0,287.0,138.0,82.0,60.0,218.0,92.0,91.0,89.0,131.0,57.0,217.0,185.0,726.0,295.0,228.0,82.0,258.0,201.0,82.0,87.0,187.0,156.0,70.0,77.0,101.0,104.0,81.0,102.0,208.0,126.0,86.0,65.0,83.0,84.0,70.0,104.0,145.0,102.0,69.0,136.0,176.0,141.0,350.0,489.0,925.0,262.0,274.0,88.0,277.0,127.0,95.0,62.0,270.0,140.0,140.0,97.0,91.0,89.0,82.0,103.0,326.0,103.0,187.0,109.0,126.0,105.0,90.0,119.0,110.0,75.0,136.0,180.0,47.0,120.0,151.0,268.0,222.0,75.0,79.0,62.0,105.0,108.0,72.0,96.0,102.0,106.0,115.0,158.0,89.0,174.0,129.0,327.0,184.0,69.0,84.0,114.0,74.0,128.0,88.0,257.0,273.0,145.0,111.0,371.0,181.0,259.0,450.0,1676.0,675.0,190.0,197.0,164.0,283.0,101.0,119.0,214.0,375.0,74.0,65.0,78.0,86.0,88.0,78.0,527.0,253.0,86.0,130.0,82.0,135.0,84.0,94.0,137.0,72.0,93.0,62.0,121.0,61.0,100.0,92.0,493.0,203.0,93.0,98.0,87.0,167.0,120.0,74.0,113.0,83.0,73.0,95.0,115.0,76.0,224.0,124.0,734.0,117.0,90.0,93.0,106.0,87.0,176.0,160.0,353.0,79.0,143.0,118.0,290.0,105.0,352.0,583.0,2228.0,160.0,157.0,94.0,194.0,73.0,70.0,98.0,181.0,68.0,50.0,81.0,130.0,57.0,86.0,144.0,511.0,97.0,67.0,130.0,142.0,98.0,122.0,162.0,263.0,102.0,109.0,231.0,381.0,100.0,258.0,388.0,1824.0,151.0,198.0,98.0,642.0,79.0,139.0,131.0,437.0,112.0,88.0,115.0,525.0,147.0,372.0,302.0,2288.0,217.0,205.0,150.0,427.0,149.0,270.0,355.0,1699.0,1000.0,476.0,694.0,2292.0,488.0,1851.0,2280.0,170544.0,Label
img_4_2_6,7194.0,1150.0,943.0,250.0,1157.0,329.0,266.0,272.0,912.0,326.0,243.0,129.0,248.0,135.0,238.0,347.0,1101.0,321.0,386.0,139.0,313.0,158.0,90.0,99.0,250.0,110.0,138.0,119.0,215.0,94.0,289.0,264.0,949.0,337.0,278.0,105.0,373.0,217.0,105.0,114.0,230.0,189.0,102.0,85.0,132.0,134.0,104.0,168.0,261.0,120.0,123.0,81.0,102.0,107.0,90.0,119.0,240.0,122.0,88.0,176.0,273.0,159.0,480.0,598.0,1084.0,312.0,348.0,106.0,290.0,182.0,97.0,85.0,355.0,161.0,196.0,108.0,111.0,125.0,140.0,172.0,365.0,129.0,253.0,128.0,150.0,126.0,129.0,131.0,137.0,96.0,130.0,186.0,84.0,141.0,180.0,358.0,253.0,98.0,106.0,101.0,115.0,100.0,72.0,112.0,173.0,122.0,115.0,186.0,107.0,204.0,159.0,425.0,244.0,101.0,102.0,126.0,111.0,134.0,151.0,332.0,396.0,203.0,162.0,460.0,306.0,324.0,613.0,2190.0,969.0,265.0,225.0,265.0,317.0,129.0,144.0,372.0,426.0,110.0,91.0,107.0,110.0,110.0,114.0,798.0,324.0,113.0,184.0,125.0,179.0,99.0,142.0,190.0,118.0,85.0,94.0,164.0,56.0,129.0,110.0,681.0,233.0,149.0,102.0,90.0,179.0,137.0,93.0,137.0,105.0,92.0,94.0,151.0,94.0,243.0,136.0,771.0,155.0,106.0,107.0,161.0,117.0,207.0,188.0,480.0,118.0,186.0,132.0,377.0,175.0,480.0,701.0,2866.0,262.0,200.0,142.0,314.0,100.0,98.0,114.0,307.0,92.0,88.0,86.0,128.0,96.0,121.0,164.0,670.0,137.0,92.0,134.0,187.0,125.0,121.0,195.0,303.0,129.0,126.0,230.0,464.0,139.0,341.0,473.0,2150.0,226.0,273.0,99.0,704.0,118.0,166.0,156.0,659.0,122.0,135.0,134.0,696.0,183.0,459.0,366.0,2867.0,372.0,287.0,141.0,613.0,180.0,343.0,459.0,2122.0,1245.0,626.0,793.0,2789.0,630.0,2223.0,2830.0,151965.0,Label
img_4_2_8,6884.0,1024.0,905.0,291.0,1014.0,407.0,240.0,269.0,902.0,284.0,217.0,135.0,222.0,130.0,252.0,408.0,1029.0,264.0,348.0,133.0,254.0,147.0,108.0,91.0,273.0,117.0,121.0,93.0,196.0,87.0,339.0,348.0,938.0,336.0,355.0,105.0,331.0,198.0,119.0,114.0,225.0,165.0,79.0,103.0,141.0,155.0,109.0,169.0,254.0,128.0,97.0,107.0,103.0,109.0,79.0,149.0,245.0,122.0,91.0,165.0,278.0,168.0,866.0,693.0,1091.0,291.0,323.0,102.0,274.0,161.0,107.0,78.0,320.0,170.0,176.0,116.0,93.0,110.0,106.0,154.0,355.0,139.0,223.0,106.0,137.0,109.0,126.0,114.0,126.0,98.0,143.0,163.0,80.0,107.0,169.0,329.0,275.0,105.0,118.0,88.0,121.0,97.0,91.0,129.0,141.0,121.0,106.0,189.0,105.0,196.0,149.0,430.0,248.0,93.0,104.0,151.0,86.0,132.0,123.0,292.0,408.0,161.0,170.0,436.0,363.0,316.0,735.0,1974.0,882.0,254.0,230.0,232.0,327.0,119.0,156.0,389.0,324.0,110.0,104.0,92.0,115.0,118.0,94.0,964.0,320.0,108.0,157.0,125.0,163.0,105.0,122.0,168.0,115.0,101.0,96.0,185.0,81.0,132.0,126.0,723.0,235.0,134.0,101.0,108.0,157.0,152.0,91.0,167.0,96.0,81.0,103.0,136.0,81.0,229.0,140.0,779.0,115.0,131.0,92.0,144.0,112.0,192.0,216.0,442.0,130.0,156.0,137.0,352.0,133.0,461.0,631.0,2838.0,277.0,199.0,129.0,325.0,113.0,83.0,107.0,354.0,102.0,82.0,100.0,145.0,81.0,115.0,148.0,712.0,131.0,80.0,130.0,171.0,96.0,122.0,173.0,338.0,117.0,109.0,255.0,435.0,135.0,313.0,437.0,2198.0,213.0,293.0,104.0,912.0,100.0,182.0,162.0,690.0,108.0,121.0,130.0,603.0,161.0,463.0,353.0,2887.0,375.0,317.0,152.0,666.0,195.0,347.0,433.0,2070.0,1391.0,706.0,723.0,2834.0,732.0,2185.0,2910.0,152484.0,Label
img_5_2_2,3921.0,686.0,437.0,84.0,676.0,240.0,96.0,82.0,348.0,168.0,102.0,59.0,104.0,73.0,55.0,65.0,710.0,166.0,210.0,64.0,187.0,95.0,49.0,27.0,112.0,48.0,72.0,53.0,83.0,38.0,104.0,80.0,431.0,213.0,162.0,72.0,225.0,147.0,69.0,48.0,101.0,118.0,62.0,58.0,62.0,97.0,50.0,77.0,90.0,65.0,55.0,44.0,46.0,70.0,43.0,46.0,62.0,51.0,42.0,63.0,93.0,84.0,354.0,275.0,656.0,200.0,182.0,51.0,165.0,99.0,66.0,34.0,171.0,108.0,94.0,79.0,57.0,55.0,46.0,72.0,263.0,88.0,161.0,71.0,86.0,88.0,67.0,87.0,66.0,61.0,87.0,137.0,43.0,92.0,81.0,175.0,93.0,62.0,63.0,48.0,50.0,72.0,49.0,55.0,65.0,68.0,60.0,113.0,46.0,132.0,68.0,212.0,81.0,33.0,44.0,54.0,45.0,114.0,48.0,122.0,99.0,79.0,72.0,221.0,103.0,180.0,271.0,1151.0,328.0,115.0,115.0,74.0,150.0,64.0,62.0,77.0,127.0,32.0,56.0,41.0,50.0,50.0,37.0,340.0,177.0,58.0,92.0,66.0,105.0,66.0,49.0,90.0,59.0,22.0,67.0,63.0,31.0,73.0,58.0,269.0,104.0,60.0,50.0,44.0,112.0,102.0,69.0,64.0,50.0,49.0,62.0,80.0,59.0,131.0,92.0,517.0,57.0,46.0,62.0,67.0,63.0,124.0,104.0,222.0,45.0,77.0,88.0,185.0,59.0,276.0,472.0,1660.0,89.0,99.0,57.0,100.0,59.0,39.0,45.0,107.0,47.0,25.0,51.0,56.0,34.0,65.0,74.0,306.0,68.0,46.0,105.0,80.0,66.0,93.0,136.0,157.0,58.0,75.0,158.0,244.0,67.0,178.0,246.0,1198.0,71.0,96.0,47.0,587.0,52.0,64.0,51.0,284.0,34.0,56.0,69.0,489.0,85.0,284.0,231.0,1650.0,58.0,92.0,72.0,276.0,84.0,166.0,256.0,1140.0,802.0,274.0,564.0,1646.0,265.0,1220.0,1591.0,194271.0,Label
img_5_2_4,4991.0,811.0,576.0,153.0,814.0,311.0,145.0,139.0,508.0,232.0,147.0,66.0,192.0,76.0,159.0,171.0,777.0,227.0,266.0,81.0,236.0,111.0,76.0,63.0,165.0,79.0,100.0,78.0,142.0,64.0,205.0,198.0,595.0,268.0,240.0,70.0,239.0,177.0,72.0,53.0,132.0,140.0,68.0,81.0,94.0,102.0,70.0,93.0,169.0,88.0,71.0,53.0,81.0,72.0,52.0,84.0,123.0,74.0,55.0,112.0,148.0,120.0,451.0,426.0,831.0,262.0,227.0,66.0,203.0,100.0,108.0,51.0,244.0,149.0,149.0,88.0,86.0,72.0,95.0,101.0,302.0,107.0,171.0,87.0,121.0,111.0,77.0,88.0,102.0,70.0,112.0,154.0,66.0,108.0,113.0,263.0,171.0,95.0,81.0,70.0,79.0,88.0,46.0,79.0,92.0,64.0,79.0,112.0,63.0,141.0,121.0,278.0,131.0,59.0,53.0,72.0,70.0,117.0,73.0,170.0,153.0,109.0,102.0,292.0,155.0,236.0,371.0,1327.0,496.0,165.0,149.0,123.0,231.0,93.0,77.0,148.0,215.0,73.0,72.0,63.0,73.0,68.0,58.0,385.0,213.0,89.0,132.0,87.0,120.0,73.0,65.0,150.0,54.0,71.0,72.0,114.0,54.0,61.0,109.0,364.0,176.0,103.0,77.0,88.0,139.0,112.0,69.0,94.0,60.0,75.0,92.0,107.0,62.0,194.0,94.0,594.0,80.0,82.0,77.0,122.0,75.0,174.0,119.0,281.0,73.0,100.0,112.0,252.0,89.0,319.0,522.0,1977.0,172.0,114.0,108.0,157.0,94.0,65.0,73.0,168.0,59.0,48.0,75.0,106.0,61.0,120.0,111.0,374.0,89.0,64.0,124.0,128.0,81.0,110.0,169.0,247.0,75.0,78.0,176.0,326.0,79.0,206.0,334.0,1480.0,124.0,197.0,94.0,640.0,82.0,119.0,128.0,378.0,61.0,101.0,118.0,518.0,124.0,310.0,286.0,1902.0,154.0,166.0,102.0,393.0,114.0,238.0,301.0,1336.0,845.0,385.0,597.0,1945.0,360.0,1478.0,1957.0,180804.0,Label
img_5_2_6,6380.0,1046.0,914.0,249.0,1061.0,359.0,222.0,202.0,794.0,281.0,213.0,115.0,278.0,123.0,267.0,289.0,1001.0,255.0,324.0,105.0,303.0,147.0,100.0,95.0,213.0,104.0,140.0,110.0,192.0,77.0,367.0,352.0,901.0,333.0,487.0,107.0,336.0,244.0,99.0,96.0,231.0,148.0,105.0,108.0,120.0,155.0,106.0,141.0,222.0,120.0,111.0,80.0,109.0,105.0,74.0,124.0,223.0,94.0,101.0,144.0,302.0,170.0,662.0,659.0,1033.0,306.0,348.0,101.0,263.0,166.0,124.0,88.0,283.0,171.0,156.0,106.0,99.0,96.0,111.0,150.0,341.0,123.0,237.0,89.0,139.0,119.0,111.0,128.0,117.0,101.0,128.0,201.0,90.0,144.0,165.0,322.0,224.0,127.0,120.0,76.0,100.0,99.0,100.0,111.0,116.0,117.0,94.0,161.0,86.0,215.0,148.0,389.0,191.0,85.0,92.0,106.0,74.0,111.0,116.0,240.0,280.0,153.0,140.0,396.0,305.0,276.0,612.0,1790.0,848.0,249.0,233.0,225.0,286.0,120.0,136.0,335.0,336.0,88.0,74.0,89.0,105.0,95.0,105.0,560.0,248.0,112.0,173.0,140.0,149.0,112.0,88.0,167.0,80.0,85.0,90.0,149.0,67.0,108.0,121.0,613.0,206.0,152.0,94.0,108.0,145.0,139.0,106.0,171.0,85.0,96.0,95.0,153.0,79.0,222.0,146.0,784.0,122.0,93.0,104.0,171.0,108.0,204.0,170.0,380.0,87.0,144.0,142.0,339.0,94.0,430.0,605.0,2635.0,247.0,234.0,133.0,370.0,111.0,107.0,101.0,331.0,102.0,77.0,77.0,125.0,61.0,110.0,162.0,570.0,116.0,82.0,146.0,163.0,90.0,122.0,189.0,348.0,78.0,108.0,251.0,439.0,113.0,278.0,417.0,2097.0,260.0,378.0,111.0,859.0,87.0,174.0,149.0,600.0,90.0,133.0,118.0,626.0,158.0,422.0,364.0,2620.0,317.0,344.0,161.0,623.0,163.0,315.0,377.0,1806.0,939.0,577.0,696.0,2573.0,525.0,2066.0,2519.0,158799.0,Label
img_5_2_8,6323.0,1119.0,893.0,254.0,999.0,375.0,257.0,219.0,737.0,295.0,227.0,120.0,281.0,131.0,271.0,318.0,1037.0,271.0,350.0,114.0,304.0,153.0,135.0,88.0,208.0,110.0,135.0,95.0,240.0,103.0,426.0,336.0,833.0,315.0,321.0,106.0,338.0,221.0,107.0,100.0,216.0,143.0,105.0,95.0,132.0,154.0,128.0,152.0,268.0,113.0,112.0,75.0,101.0,95.0,77.0,105.0,294.0,99.0,116.0,151.0,387.0,189.0,901.0,668.0,1063.0,309.0,333.0,96.0,275.0,143.0,116.0,94.0,288.0,157.0,151.0,125.0,121.0,94.0,99.0,164.0,378.0,151.0,207.0,107.0,167.0,133.0,112.0,129.0,132.0,108.0,148.0,206.0,100.0,144.0,164.0,308.0,260.0,136.0,102.0,101.0,114.0,125.0,85.0,115.0,129.0,116.0,79.0,170.0,96.0,177.0,150.0,364.0,226.0,83.0,80.0,128.0,87.0,122.0,118.0,234.0,356.0,160.0,165.0,384.0,356.0,311.0,591.0,1746.0,744.0,253.0,222.0,283.0,265.0,154.0,113.0,393.0,297.0,98.0,87.0,108.0,94.0,99.0,107.0,726.0,311.0,84.0,142.0,106.0,161.0,100.0,111.0,163.0,101.0,76.0,89.0,158.0,84.0,99.0,139.0,642.0,228.0,133.0,110.0,121.0,171.0,127.0,90.0,161.0,73.0,86.0,100.0,135.0,97.0,244.0,135.0,673.0,130.0,103.0,97.0,156.0,143.0,172.0,177.0,374.0,119.0,131.0,128.0,350.0,132.0,423.0,562.0,2728.0,256.0,283.0,150.0,415.0,109.0,95.0,114.0,382.0,88.0,90.0,99.0,137.0,73.0,109.0,139.0,682.0,122.0,111.0,120.0,166.0,67.0,100.0,184.0,327.0,101.0,136.0,211.0,413.0,124.0,302.0,402.0,1956.0,313.0,522.0,125.0,1129.0,89.0,165.0,152.0,667.0,105.0,124.0,143.0,604.0,134.0,420.0,374.0,2625.0,348.0,372.0,155.0,680.0,163.0,313.0,382.0,1691.0,1252.0,646.0,698.0,2625.0,594.0,1899.0,2616.0,156665.0,Label
img_6_2_2,1479.0,257.0,160.0,47.0,258.0,93.0,30.0,47.0,123.0,43.0,37.0,24.0,48.0,24.0,28.0,44.0,267.0,43.0,75.0,23.0,65.0,38.0,18.0,21.0,39.0,17.0,24.0,20.0,33.0,13.0,41.0,36.0,173.0,70.0,38.0,18.0,79.0,58.0,10.0,14.0,38.0,40.0,21.0,23.0,17.0,35.0,10.0,32.0,38.0,13.0,16.0,15.0,17.0,28.0,9.0,25.0,37.0,12.0,12.0,19.0,20.0,27.0,78.0,114.0,242.0,76.0,76.0,18.0,48.0,35.0,16.0,18.0,68.0,40.0,45.0,17.0,17.0,18.0,13.0,32.0,91.0,42.0,46.0,32.0,29.0,40.0,33.0,38.0,24.0,25.0,23.0,39.0,7.0,24.0,41.0,82.0,49.0,20.0,23.0,17.0,18.0,32.0,15.0,11.0,17.0,24.0,19.0,30.0,15.0,35.0,19.0,85.0,53.0,19.0,25.0,30.0,16.0,40.0,26.0,55.0,39.0,34.0,33.0,78.0,27.0,80.0,85.0,419.0,122.0,34.0,43.0,23.0,62.0,22.0,14.0,24.0,57.0,19.0,20.0,20.0,21.0,21.0,18.0,272.0,59.0,15.0,42.0,14.0,21.0,25.0,22.0,26.0,18.0,27.0,17.0,17.0,8.0,15.0,18.0,141.0,42.0,20.0,23.0,24.0,41.0,27.0,22.0,30.0,20.0,14.0,22.0,32.0,26.0,49.0,39.0,281.0,23.0,12.0,14.0,22.0,22.0,42.0,30.0,93.0,16.0,21.0,27.0,59.0,21.0,93.0,134.0,680.0,27.0,23.0,20.0,22.0,12.0,9.0,16.0,22.0,18.0,9.0,26.0,21.0,14.0,19.0,21.0,131.0,16.0,15.0,23.0,30.0,30.0,32.0,35.0,65.0,28.0,27.0,62.0,93.0,14.0,46.0,95.0,536.0,36.0,20.0,21.0,430.0,14.0,36.0,22.0,95.0,20.0,20.0,28.0,167.0,21.0,83.0,57.0,709.0,46.0,46.0,22.0,110.0,29.0,63.0,79.0,461.0,865.0,131.0,248.0,676.0,126.0,509.0,698.0,221703.0,Label
img_6_2_4,3231.0,483.0,493.0,130.0,473.0,164.0,132.0,137.0,492.0,154.0,131.0,80.0,123.0,52.0,134.0,184.0,448.0,103.0,158.0,65.0,126.0,58.0,35.0,58.0,109.0,49.0,50.0,58.0,66.0,43.0,111.0,148.0,505.0,178.0,164.0,59.0,126.0,91.0,63.0,35.0,90.0,87.0,44.0,42.0,43.0,60.0,40.0,81.0,109.0,52.0,50.0,34.0,43.0,50.0,33.0,57.0,109.0,36.0,40.0,79.0,83.0,67.0,583.0,299.0,462.0,114.0,139.0,45.0,132.0,62.0,49.0,41.0,139.0,60.0,69.0,46.0,43.0,42.0,55.0,104.0,160.0,63.0,102.0,52.0,76.0,56.0,32.0,58.0,45.0,39.0,58.0,70.0,36.0,58.0,77.0,178.0,128.0,40.0,47.0,61.0,48.0,45.0,57.0,47.0,66.0,40.0,46.0,72.0,40.0,79.0,73.0,214.0,128.0,42.0,53.0,57.0,41.0,59.0,57.0,162.0,108.0,98.0,62.0,224.0,118.0,152.0,273.0,1089.0,511.0,109.0,101.0,131.0,143.0,58.0,51.0,172.0,205.0,50.0,38.0,47.0,52.0,62.0,50.0,812.0,151.0,41.0,71.0,48.0,62.0,57.0,46.0,87.0,56.0,39.0,38.0,96.0,32.0,36.0,63.0,411.0,105.0,49.0,52.0,46.0,84.0,54.0,46.0,72.0,34.0,51.0,46.0,60.0,44.0,95.0,56.0,425.0,72.0,49.0,42.0,71.0,51.0,80.0,66.0,229.0,57.0,66.0,39.0,139.0,59.0,188.0,321.0,1448.0,116.0,85.0,48.0,102.0,47.0,31.0,37.0,182.0,57.0,30.0,42.0,45.0,32.0,50.0,79.0,414.0,60.0,44.0,56.0,82.0,45.0,59.0,59.0,135.0,71.0,63.0,104.0,169.0,51.0,167.0,175.0,1226.0,132.0,98.0,48.0,696.0,54.0,81.0,73.0,320.0,58.0,53.0,45.0,300.0,70.0,214.0,152.0,1417.0,146.0,120.0,74.0,319.0,95.0,145.0,238.0,1065.0,1256.0,351.0,461.0,1362.0,340.0,1269.0,1360.0,197105.0,Label
img_6_2_6,3209.0,434.0,575.0,147.0,480.0,152.0,144.0,156.0,629.0,167.0,132.0,82.0,139.0,48.0,209.0,354.0,445.0,96.0,144.0,55.0,113.0,55.0,58.0,35.0,98.0,55.0,61.0,38.0,90.0,36.0,231.0,291.0,550.0,150.0,195.0,66.0,134.0,70.0,64.0,52.0,116.0,60.0,40.0,46.0,57.0,59.0,59.0,95.0,141.0,47.0,60.0,40.0,37.0,45.0,48.0,52.0,134.0,63.0,38.0,67.0,93.0,73.0,647.0,423.0,436.0,119.0,145.0,35.0,96.0,47.0,39.0,47.0,144.0,60.0,63.0,36.0,39.0,33.0,66.0,94.0,160.0,49.0,91.0,41.0,41.0,52.0,50.0,55.0,38.0,35.0,45.0,67.0,36.0,51.0,90.0,174.0,129.0,47.0,49.0,46.0,50.0,37.0,39.0,46.0,57.0,46.0,42.0,63.0,41.0,63.0,61.0,208.0,113.0,43.0,71.0,58.0,36.0,71.0,76.0,173.0,172.0,86.0,77.0,204.0,180.0,143.0,412.0,1248.0,602.0,127.0,107.0,214.0,119.0,56.0,64.0,360.0,408.0,67.0,50.0,67.0,57.0,61.0,77.0,1155.0,157.0,33.0,66.0,47.0,69.0,52.0,44.0,97.0,67.0,39.0,36.0,76.0,46.0,60.0,69.0,565.0,111.0,55.0,49.0,54.0,61.0,51.0,31.0,94.0,49.0,35.0,40.0,60.0,36.0,104.0,63.0,409.0,56.0,38.0,43.0,68.0,48.0,78.0,69.0,221.0,61.0,78.0,48.0,138.0,52.0,197.0,250.0,1604.0,135.0,99.0,46.0,225.0,43.0,32.0,42.0,338.0,57.0,34.0,36.0,51.0,41.0,66.0,73.0,599.0,47.0,32.0,56.0,70.0,32.0,41.0,79.0,150.0,46.0,55.0,102.0,173.0,82.0,153.0,201.0,1368.0,148.0,168.0,50.0,814.0,42.0,93.0,58.0,449.0,65.0,57.0,50.0,289.0,84.0,186.0,200.0,1491.0,195.0,182.0,66.0,386.0,92.0,139.0,183.0,1281.0,1366.0,532.0,404.0,1532.0,490.0,1377.0,1565.0,192357.0,Label
img_6_2_8,3260.0,474.0,579.0,133.0,461.0,168.0,149.0,170.0,572.0,147.0,122.0,50.0,145.0,62.0,206.0,374.0,466.0,113.0,137.0,57.0,130.0,67.0,45.0,37.0,100.0,50.0,68.0,56.0,88.0,40.0,266.0,292.0,535.0,158.0,190.0,67.0,139.0,101.0,64.0,45.0,119.0,59.0,35.0,38.0,65.0,52.0,56.0,78.0,130.0,46.0,52.0,38.0,28.0,42.0,47.0,66.0,125.0,58.0,51.0,64.0,91.0,64.0,597.0,444.0,470.0,114.0,128.0,35.0,108.0,66.0,57.0,39.0,142.0,64.0,68.0,44.0,51.0,33.0,70.0,104.0,159.0,72.0,91.0,41.0,56.0,65.0,40.0,56.0,61.0,40.0,40.0,77.0,29.0,55.0,83.0,174.0,134.0,44.0,46.0,45.0,51.0,48.0,50.0,60.0,54.0,29.0,31.0,64.0,58.0,66.0,52.0,198.0,159.0,40.0,56.0,44.0,30.0,60.0,62.0,193.0,212.0,101.0,70.0,213.0,164.0,157.0,401.0,1314.0,591.0,152.0,122.0,216.0,118.0,46.0,70.0,444.0,362.0,67.0,51.0,72.0,81.0,58.0,66.0,1299.0,132.0,53.0,75.0,58.0,81.0,38.0,48.0,90.0,65.0,44.0,49.0,75.0,39.0,47.0,63.0,577.0,125.0,56.0,46.0,46.0,71.0,60.0,29.0,72.0,42.0,41.0,40.0,54.0,51.0,80.0,71.0,430.0,67.0,67.0,49.0,65.0,47.0,73.0,64.0,205.0,62.0,70.0,59.0,187.0,51.0,218.0,281.0,1653.0,133.0,116.0,60.0,239.0,53.0,21.0,50.0,355.0,50.0,53.0,29.0,57.0,48.0,51.0,85.0,620.0,59.0,22.0,52.0,73.0,27.0,50.0,62.0,150.0,51.0,39.0,95.0,217.0,53.0,137.0,215.0,1409.0,146.0,207.0,48.0,847.0,49.0,87.0,65.0,465.0,72.0,62.0,45.0,291.0,81.0,190.0,178.0,1628.0,239.0,202.0,73.0,429.0,103.0,158.0,199.0,1344.0,1453.0,535.0,436.0,1595.0,528.0,1454.0,1624.0,190689.0,Label
img_7_2_2,2444.0,438.0,265.0,65.0,396.0,157.0,67.0,77.0,195.0,94.0,62.0,36.0,66.0,44.0,52.0,52.0,480.0,102.0,112.0,44.0,122.0,71.0,42.0,35.0,62.0,32.0,26.0,29.0,60.0,29.0,41.0,48.0,288.0,106.0,89.0,32.0,116.0,96.0,39.0,37.0,76.0,61.0,39.0,42.0,35.0,80.0,24.0,41.0,104.0,38.0,34.0,17.0,44.0,46.0,21.0,29.0,68.0,22.0,23.0,50.0,50.0,41.0,133.0,145.0,413.0,106.0,90.0,31.0,122.0,68.0,29.0,38.0,109.0,66.0,57.0,46.0,38.0,43.0,27.0,39.0,202.0,69.0,97.0,41.0,68.0,59.0,38.0,79.0,49.0,41.0,54.0,82.0,37.0,55.0,51.0,127.0,78.0,34.0,43.0,17.0,31.0,47.0,24.0,41.0,56.0,26.0,36.0,63.0,35.0,85.0,45.0,154.0,102.0,44.0,41.0,38.0,42.0,63.0,32.0,105.0,132.0,56.0,67.0,165.0,75.0,129.0,163.0,580.0,208.0,58.0,62.0,62.0,91.0,50.0,49.0,92.0,171.0,40.0,40.0,31.0,27.0,43.0,42.0,757.0,97.0,33.0,54.0,28.0,61.0,47.0,31.0,61.0,27.0,28.0,37.0,33.0,21.0,33.0,33.0,158.0,72.0,16.0,36.0,26.0,65.0,63.0,35.0,35.0,51.0,25.0,54.0,64.0,52.0,90.0,53.0,384.0,45.0,20.0,25.0,29.0,35.0,74.0,61.0,139.0,46.0,30.0,55.0,123.0,43.0,147.0,249.0,1034.0,56.0,45.0,42.0,40.0,31.0,32.0,17.0,79.0,40.0,14.0,58.0,37.0,30.0,29.0,37.0,195.0,52.0,20.0,57.0,48.0,32.0,63.0,72.0,111.0,36.0,41.0,89.0,117.0,45.0,124.0,147.0,774.0,61.0,34.0,29.0,496.0,25.0,41.0,22.0,136.0,41.0,40.0,55.0,227.0,50.0,120.0,115.0,1010.0,83.0,57.0,49.0,152.0,64.0,123.0,124.0,584.0,888.0,200.0,357.0,1054.0,211.0,739.0,1136.0,210155.0,Label
img_7_2_4,2637.0,336.0,459.0,167.0,343.0,116.0,173.0,178.0,725.0,170.0,120.0,82.0,176.0,45.0,281.0,405.0,363.0,70.0,83.0,29.0,78.0,37.0,18.0,26.0,162.0,31.0,39.0,58.0,138.0,22.0,223.0,309.0,477.0,95.0,175.0,47.0,109.0,47.0,50.0,40.0,118.0,45.0,29.0,30.0,47.0,21.0,46.0,45.0,191.0,38.0,50.0,32.0,38.0,22.0,27.0,55.0,407.0,56.0,53.0,75.0,338.0,61.0,350.0,462.0,352.0,100.0,102.0,33.0,79.0,24.0,35.0,33.0,137.0,55.0,46.0,44.0,47.0,21.0,53.0,89.0,128.0,38.0,66.0,24.0,45.0,39.0,27.0,31.0,50.0,35.0,32.0,34.0,20.0,27.0,54.0,103.0,198.0,37.0,40.0,31.0,36.0,23.0,35.0,51.0,110.0,39.0,33.0,67.0,69.0,51.0,70.0,211.0,206.0,31.0,45.0,47.0,41.0,32.0,56.0,140.0,695.0,101.0,55.0,218.0,547.0,129.0,489.0,1418.0,746.0,153.0,119.0,353.0,139.0,45.0,113.0,681.0,416.0,83.0,52.0,77.0,89.0,55.0,93.0,1149.0,157.0,44.0,45.0,61.0,45.0,30.0,27.0,117.0,60.0,38.0,28.0,69.0,26.0,35.0,46.0,582.0,94.0,46.0,28.0,45.0,46.0,20.0,29.0,52.0,41.0,21.0,24.0,27.0,29.0,56.0,35.0,267.0,98.0,45.0,32.0,74.0,42.0,62.0,57.0,223.0,83.0,72.0,41.0,158.0,70.0,137.0,215.0,1418.0,154.0,139.0,48.0,293.0,45.0,23.0,75.0,441.0,79.0,38.0,17.0,74.0,49.0,52.0,76.0,614.0,44.0,26.0,38.0,77.0,27.0,31.0,49.0,145.0,47.0,47.0,60.0,160.0,40.0,105.0,154.0,1229.0,330.0,219.0,41.0,671.0,40.0,55.0,62.0,481.0,75.0,49.0,34.0,199.0,69.0,146.0,172.0,1438.0,489.0,357.0,51.0,442.0,88.0,123.0,228.0,1417.0,1331.0,562.0,291.0,1434.0,651.0,1265.0,1456.0,192649.0,Label
img_7_2_6,3937.0,642.0,502.0,148.0,669.0,222.0,151.0,196.0,553.0,170.0,123.0,81.0,124.0,79.0,172.0,225.0,679.0,173.0,178.0,63.0,173.0,78.0,47.0,48.0,171.0,57.0,54.0,61.0,129.0,39.0,197.0,187.0,548.0,149.0,156.0,55.0,196.0,119.0,67.0,45.0,157.0,95.0,56.0,50.0,67.0,89.0,41.0,89.0,172.0,72.0,60.0,51.0,68.0,58.0,42.0,67.0,285.0,78.0,54.0,87.0,265.0,95.0,310.0,350.0,686.0,173.0,163.0,57.0,168.0,77.0,61.0,59.0,227.0,81.0,84.0,71.0,69.0,60.0,53.0,104.0,231.0,77.0,127.0,65.0,77.0,90.0,53.0,72.0,86.0,56.0,87.0,107.0,49.0,70.0,76.0,167.0,183.0,63.0,72.0,46.0,68.0,59.0,45.0,69.0,112.0,59.0,65.0,105.0,66.0,94.0,92.0,234.0,234.0,56.0,55.0,69.0,55.0,92.0,72.0,177.0,412.0,140.0,99.0,274.0,358.0,205.0,373.0,1127.0,556.0,132.0,154.0,196.0,187.0,69.0,89.0,298.0,329.0,78.0,60.0,82.0,65.0,56.0,73.0,875.0,212.0,51.0,86.0,58.0,86.0,78.0,61.0,135.0,76.0,55.0,42.0,75.0,53.0,51.0,52.0,413.0,132.0,46.0,44.0,56.0,75.0,69.0,59.0,94.0,55.0,45.0,48.0,100.0,62.0,133.0,66.0,486.0,88.0,52.0,53.0,68.0,74.0,99.0,97.0,274.0,77.0,77.0,85.0,223.0,83.0,242.0,342.0,1581.0,123.0,109.0,66.0,165.0,58.0,36.0,71.0,208.0,90.0,40.0,42.0,69.0,44.0,63.0,83.0,433.0,64.0,37.0,79.0,88.0,50.0,73.0,103.0,177.0,73.0,63.0,117.0,232.0,76.0,154.0,235.0,1311.0,160.0,109.0,52.0,557.0,60.0,97.0,85.0,289.0,87.0,64.0,86.0,306.0,84.0,246.0,216.0,1605.0,338.0,146.0,79.0,296.0,110.0,195.0,303.0,1126.0,1354.0,467.0,498.0,1540.0,475.0,1279.0,1654.0,188103.0,Label
img_7_2_8,3905.0,582.0,533.0,149.0,614.0,249.0,151.0,191.0,594.0,179.0,120.0,79.0,154.0,86.0,241.0,346.0,605.0,155.0,176.0,69.0,160.0,70.0,54.0,46.0,164.0,56.0,56.0,54.0,132.0,32.0,292.0,324.0,581.0,185.0,181.0,50.0,185.0,130.0,56.0,59.0,150.0,75.0,57.0,45.0,69.0,86.0,73.0,87.0,191.0,57.0,57.0,35.0,61.0,65.0,42.0,53.0,341.0,102.0,64.0,91.0,367.0,91.0,476.0,495.0,625.0,124.0,165.0,69.0,176.0,94.0,60.0,54.0,210.0,70.0,58.0,58.0,75.0,66.0,63.0,90.0,259.0,98.0,112.0,75.0,76.0,86.0,62.0,86.0,80.0,55.0,74.0,92.0,42.0,69.0,72.0,179.0,184.0,49.0,59.0,41.0,72.0,63.0,46.0,53.0,99.0,56.0,60.0,80.0,61.0,102.0,65.0,229.0,277.0,65.0,47.0,70.0,57.0,84.0,63.0,175.0,740.0,125.0,112.0,266.0,576.0,231.0,535.0,1283.0,529.0,111.0,140.0,234.0,195.0,64.0,70.0,386.0,276.0,61.0,60.0,82.0,57.0,56.0,67.0,1276.0,205.0,50.0,95.0,66.0,87.0,55.0,80.0,100.0,61.0,41.0,57.0,70.0,38.0,59.0,61.0,597.0,129.0,41.0,61.0,47.0,73.0,74.0,48.0,86.0,63.0,41.0,63.0,67.0,65.0,105.0,70.0,487.0,74.0,60.0,52.0,66.0,58.0,93.0,96.0,257.0,94.0,95.0,71.0,238.0,81.0,217.0,294.0,2003.0,128.0,108.0,63.0,216.0,53.0,41.0,55.0,349.0,50.0,39.0,58.0,70.0,45.0,60.0,98.0,671.0,72.0,40.0,80.0,86.0,70.0,62.0,96.0,185.0,81.0,67.0,132.0,210.0,63.0,138.0,233.0,1440.0,194.0,145.0,66.0,696.0,65.0,71.0,64.0,426.0,79.0,60.0,86.0,294.0,80.0,203.0,213.0,1898.0,441.0,226.0,88.0,392.0,101.0,173.0,243.0,1317.0,1776.0,610.0,494.0,1853.0,736.0,1430.0,2023.0,182669.0,Label
img_8_2_2,3676.0,663.0,367.0,99.0,677.0,233.0,127.0,82.0,376.0,191.0,88.0,68.0,105.0,65.0,57.0,89.0,670.0,195.0,180.0,61.0,161.0,103.0,45.0,45.0,84.0,49.0,42.0,50.0,40.0,24.0,43.0,72.0,370.0,158.0,147.0,39.0,144.0,136.0,40.0,49.0,88.0,95.0,34.0,64.0,42.0,79.0,21.0,64.0,110.0,57.0,39.0,35.0,49.0,63.0,28.0,45.0,30.0,40.0,36.0,61.0,30.0,50.0,68.0,214.0,638.0,184.0,184.0,50.0,198.0,70.0,43.0,40.0,180.0,89.0,112.0,55.0,48.0,63.0,43.0,68.0,222.0,79.0,139.0,76.0,87.0,87.0,55.0,95.0,54.0,63.0,87.0,121.0,22.0,76.0,55.0,186.0,95.0,53.0,56.0,29.0,59.0,62.0,35.0,42.0,62.0,62.0,45.0,83.0,32.0,140.0,62.0,221.0,92.0,43.0,21.0,60.0,37.0,82.0,57.0,165.0,69.0,85.0,57.0,214.0,60.0,170.0,213.0,1034.0,397.0,80.0,87.0,33.0,182.0,58.0,73.0,70.0,161.0,45.0,46.0,38.0,34.0,46.0,35.0,210.0,201.0,55.0,111.0,32.0,88.0,59.0,60.0,63.0,45.0,30.0,62.0,69.0,24.0,59.0,56.0,356.0,113.0,52.0,49.0,41.0,96.0,72.0,60.0,66.0,47.0,61.0,44.0,71.0,64.0,129.0,66.0,587.0,61.0,51.0,56.0,60.0,67.0,135.0,83.0,256.0,50.0,63.0,65.0,192.0,53.0,211.0,404.0,1594.0,89.0,55.0,44.0,37.0,50.0,29.0,37.0,42.0,35.0,26.0,64.0,43.0,37.0,52.0,74.0,305.0,62.0,33.0,112.0,52.0,58.0,93.0,141.0,168.0,48.0,48.0,141.0,205.0,48.0,128.0,230.0,1196.0,43.0,45.0,39.0,425.0,39.0,70.0,60.0,244.0,42.0,65.0,84.0,403.0,62.0,227.0,161.0,1574.0,72.0,55.0,59.0,229.0,92.0,198.0,202.0,1035.0,809.0,312.0,578.0,1623.0,309.0,1189.0,1654.0,197717.0,Label
img_8_2_4,6248.0,1044.0,766.0,238.0,1056.0,387.0,245.0,237.0,746.0,348.0,202.0,150.0,180.0,131.0,169.0,351.0,1042.0,300.0,310.0,107.0,298.0,183.0,122.0,87.0,200.0,108.0,122.0,110.0,110.0,82.0,179.0,251.0,760.0,288.0,267.0,76.0,291.0,248.0,81.0,99.0,232.0,154.0,77.0,94.0,113.0,140.0,61.0,146.0,213.0,113.0,95.0,71.0,99.0,88.0,77.0,108.0,178.0,107.0,64.0,148.0,181.0,118.0,253.0,505.0,1005.0,271.0,282.0,96.0,310.0,154.0,133.0,102.0,265.0,165.0,176.0,125.0,109.0,111.0,90.0,158.0,397.0,141.0,220.0,99.0,149.0,131.0,108.0,161.0,139.0,128.0,126.0,187.0,68.0,121.0,131.0,298.0,266.0,111.0,82.0,80.0,125.0,112.0,87.0,116.0,157.0,130.0,104.0,195.0,99.0,195.0,137.0,369.0,263.0,118.0,86.0,114.0,138.0,138.0,119.0,302.0,268.0,168.0,139.0,428.0,244.0,282.0,471.0,1703.0,814.0,198.0,224.0,149.0,294.0,124.0,147.0,229.0,284.0,88.0,98.0,115.0,111.0,119.0,114.0,557.0,319.0,115.0,169.0,112.0,149.0,111.0,108.0,172.0,106.0,74.0,108.0,167.0,71.0,108.0,128.0,558.0,218.0,116.0,79.0,80.0,153.0,117.0,81.0,147.0,112.0,93.0,102.0,164.0,95.0,197.0,139.0,731.0,134.0,92.0,95.0,133.0,114.0,169.0,205.0,361.0,155.0,149.0,151.0,325.0,116.0,357.0,509.0,2331.0,184.0,104.0,105.0,129.0,112.0,61.0,93.0,219.0,118.0,55.0,80.0,131.0,64.0,103.0,152.0,581.0,148.0,74.0,119.0,117.0,111.0,114.0,194.0,296.0,126.0,113.0,224.0,376.0,94.0,210.0,350.0,1759.0,193.0,146.0,73.0,552.0,94.0,128.0,126.0,512.0,132.0,113.0,128.0,551.0,129.0,361.0,312.0,2331.0,316.0,241.0,152.0,470.0,185.0,270.0,388.0,1722.0,1047.0,572.0,679.0,2292.0,523.0,1717.0,2337.0,165076.0,Label
img_8_2_6,6452.0,1057.0,801.0,235.0,1007.0,372.0,270.0,277.0,801.0,326.0,222.0,180.0,237.0,122.0,232.0,385.0,987.0,322.0,294.0,136.0,249.0,121.0,82.0,100.0,186.0,108.0,108.0,129.0,129.0,69.0,214.0,300.0,846.0,285.0,257.0,79.0,296.0,187.0,100.0,114.0,218.0,145.0,91.0,90.0,106.0,123.0,75.0,138.0,216.0,111.0,97.0,90.0,102.0,117.0,70.0,106.0,203.0,120.0,68.0,160.0,258.0,138.0,467.0,647.0,1023.0,260.0,288.0,98.0,285.0,168.0,98.0,107.0,328.0,155.0,134.0,117.0,100.0,108.0,115.0,218.0,394.0,137.0,201.0,98.0,147.0,127.0,105.0,147.0,132.0,89.0,120.0,180.0,66.0,95.0,148.0,319.0,287.0,104.0,85.0,68.0,145.0,100.0,87.0,132.0,138.0,116.0,86.0,204.0,115.0,194.0,166.0,403.0,320.0,109.0,105.0,104.0,108.0,145.0,121.0,340.0,401.0,222.0,162.0,417.0,429.0,323.0,642.0,1842.0,841.0,195.0,242.0,190.0,301.0,113.0,154.0,344.0,371.0,117.0,111.0,118.0,115.0,116.0,128.0,797.0,375.0,112.0,149.0,110.0,153.0,98.0,121.0,190.0,102.0,90.0,92.0,163.0,68.0,102.0,121.0,761.0,239.0,103.0,83.0,75.0,148.0,122.0,76.0,148.0,128.0,103.0,105.0,133.0,88.0,199.0,119.0,682.0,155.0,126.0,102.0,127.0,110.0,175.0,187.0,363.0,142.0,165.0,130.0,366.0,118.0,355.0,504.0,2433.0,232.0,124.0,100.0,190.0,111.0,86.0,113.0,349.0,110.0,81.0,86.0,135.0,63.0,116.0,158.0,708.0,149.0,77.0,166.0,160.0,100.0,108.0,192.0,335.0,141.0,104.0,204.0,366.0,121.0,283.0,361.0,1896.0,223.0,165.0,86.0,657.0,113.0,149.0,170.0,569.0,114.0,129.0,138.0,541.0,164.0,346.0,364.0,2455.0,465.0,310.0,162.0,587.0,251.0,309.0,390.0,1950.0,1321.0,710.0,713.0,2415.0,663.0,1855.0,2552.0,159313.0,Label
img_8_2_8,6877.0,1112.0,890.0,263.0,1066.0,400.0,277.0,354.0,847.0,345.0,239.0,180.0,220.0,156.0,265.0,487.0,1070.0,300.0,305.0,128.0,288.0,146.0,125.0,111.0,254.0,126.0,120.0,134.0,157.0,63.0,214.0,350.0,892.0,317.0,262.0,84.0,311.0,204.0,80.0,120.0,246.0,156.0,91.0,97.0,100.0,131.0,81.0,192.0,288.0,112.0,95.0,97.0,110.0,96.0,81.0,125.0,235.0,109.0,76.0,154.0,199.0,141.0,306.0,575.0,1116.0,279.0,313.0,115.0,304.0,139.0,128.0,110.0,326.0,163.0,158.0,124.0,132.0,101.0,122.0,204.0,415.0,165.0,203.0,108.0,129.0,127.0,104.0,135.0,155.0,105.0,139.0,191.0,80.0,145.0,155.0,332.0,303.0,116.0,96.0,63.0,130.0,108.0,85.0,156.0,177.0,116.0,116.0,177.0,139.0,183.0,137.0,430.0,347.0,149.0,120.0,149.0,125.0,144.0,127.0,350.0,430.0,220.0,174.0,393.0,368.0,387.0,588.0,1889.0,849.0,227.0,248.0,227.0,356.0,146.0,159.0,387.0,342.0,114.0,119.0,143.0,111.0,133.0,153.0,680.0,358.0,127.0,163.0,137.0,157.0,110.0,115.0,216.0,113.0,80.0,114.0,170.0,72.0,105.0,137.0,681.0,238.0,126.0,109.0,84.0,144.0,128.0,95.0,174.0,120.0,97.0,101.0,143.0,98.0,186.0,144.0,699.0,187.0,117.0,92.0,160.0,130.0,187.0,164.0,416.0,161.0,164.0,151.0,407.0,137.0,380.0,572.0,2369.0,263.0,136.0,117.0,194.0,121.0,83.0,119.0,334.0,134.0,75.0,107.0,124.0,74.0,124.0,167.0,664.0,163.0,89.0,135.0,159.0,93.0,136.0,184.0,373.0,126.0,128.0,190.0,388.0,113.0,271.0,369.0,1951.0,259.0,232.0,87.0,625.0,107.0,147.0,182.0,600.0,149.0,146.0,143.0,582.0,165.0,375.0,364.0,2444.0,517.0,353.0,183.0,598.0,223.0,364.0,422.0,1943.0,1263.0,688.0,692.0,2410.0,618.0,1974.0,2494.0,156172.0,Label
img_9_2_2,4809.0,797.0,512.0,159.0,789.0,307.0,154.0,103.0,509.0,231.0,135.0,74.0,75.0,80.0,53.0,62.0,810.0,227.0,212.0,83.0,196.0,114.0,65.0,45.0,90.0,75.0,54.0,50.0,55.0,29.0,38.0,73.0,485.0,233.0,155.0,53.0,257.0,155.0,51.0,74.0,128.0,127.0,59.0,67.0,72.0,132.0,40.0,89.0,141.0,81.0,70.0,37.0,68.0,92.0,43.0,75.0,65.0,59.0,48.0,76.0,60.0,80.0,95.0,260.0,801.0,219.0,235.0,66.0,222.0,114.0,83.0,42.0,227.0,110.0,134.0,53.0,58.0,79.0,55.0,85.0,318.0,97.0,180.0,79.0,108.0,124.0,76.0,116.0,100.0,78.0,105.0,158.0,50.0,95.0,68.0,209.0,156.0,55.0,50.0,49.0,76.0,73.0,32.0,72.0,97.0,79.0,86.0,118.0,71.0,175.0,71.0,291.0,143.0,61.0,58.0,68.0,60.0,121.0,72.0,205.0,76.0,105.0,107.0,293.0,82.0,225.0,288.0,1223.0,488.0,106.0,131.0,73.0,259.0,93.0,89.0,83.0,213.0,44.0,62.0,60.0,56.0,60.0,59.0,222.0,197.0,57.0,124.0,64.0,114.0,79.0,73.0,113.0,54.0,35.0,68.0,65.0,39.0,58.0,73.0,344.0,144.0,49.0,56.0,44.0,134.0,120.0,86.0,106.0,49.0,63.0,77.0,108.0,70.0,209.0,101.0,750.0,80.0,45.0,69.0,80.0,63.0,162.0,141.0,288.0,51.0,80.0,99.0,214.0,67.0,278.0,468.0,1993.0,90.0,58.0,69.0,58.0,59.0,46.0,57.0,101.0,68.0,33.0,70.0,73.0,48.0,62.0,74.0,369.0,82.0,37.0,100.0,82.0,75.0,105.0,179.0,205.0,71.0,60.0,191.0,320.0,65.0,217.0,298.0,1547.0,51.0,38.0,43.0,458.0,61.0,77.0,73.0,288.0,76.0,51.0,92.0,450.0,84.0,275.0,232.0,1917.0,64.0,56.0,99.0,270.0,84.0,209.0,267.0,1231.0,694.0,351.0,732.0,1937.0,369.0,1532.0,1887.0,187110.0,Label
img_9_2_4,5433.0,781.0,775.0,270.0,825.0,277.0,229.0,236.0,1083.0,321.0,208.0,173.0,283.0,96.0,268.0,384.0,813.0,186.0,212.0,91.0,214.0,98.0,63.0,72.0,258.0,116.0,86.0,109.0,143.0,62.0,245.0,439.0,792.0,227.0,217.0,97.0,235.0,129.0,71.0,65.0,220.0,126.0,63.0,64.0,75.0,94.0,65.0,139.0,269.0,111.0,89.0,71.0,78.0,79.0,56.0,104.0,344.0,98.0,70.0,134.0,273.0,139.0,377.0,813.0,801.0,228.0,247.0,61.0,188.0,105.0,96.0,87.0,288.0,128.0,121.0,98.0,104.0,74.0,110.0,187.0,251.0,101.0,120.0,65.0,92.0,74.0,71.0,112.0,117.0,60.0,97.0,128.0,54.0,101.0,93.0,271.0,264.0,66.0,81.0,55.0,106.0,82.0,81.0,101.0,141.0,86.0,77.0,139.0,115.0,144.0,168.0,394.0,248.0,86.0,86.0,123.0,85.0,116.0,97.0,301.0,491.0,191.0,132.0,355.0,516.0,271.0,801.0,2102.0,1114.0,258.0,209.0,291.0,290.0,98.0,198.0,453.0,526.0,145.0,85.0,124.0,128.0,101.0,101.0,819.0,277.0,95.0,120.0,100.0,101.0,67.0,101.0,192.0,124.0,98.0,68.0,140.0,62.0,112.0,108.0,874.0,223.0,76.0,73.0,69.0,101.0,82.0,76.0,128.0,76.0,98.0,52.0,115.0,73.0,150.0,95.0,615.0,160.0,95.0,65.0,134.0,108.0,118.0,131.0,382.0,141.0,149.0,88.0,373.0,108.0,299.0,399.0,2435.0,255.0,149.0,111.0,269.0,115.0,55.0,146.0,454.0,138.0,70.0,77.0,115.0,94.0,81.0,158.0,834.0,96.0,46.0,87.0,128.0,80.0,75.0,120.0,294.0,98.0,84.0,132.0,310.0,78.0,180.0,307.0,1935.0,309.0,239.0,76.0,683.0,102.0,116.0,141.0,755.0,131.0,108.0,91.0,412.0,146.0,295.0,343.0,2382.0,427.0,443.0,121.0,777.0,185.0,258.0,390.0,2148.0,1303.0,876.0,553.0,2482.0,907.0,1940.0,2369.0,162991.0,Label
img_9_2_6,6573.0,1014.0,860.0,320.0,1028.0,373.0,344.0,320.0,1148.0,373.0,259.0,188.0,249.0,117.0,294.0,459.0,1060.0,273.0,257.0,128.0,244.0,140.0,115.0,118.0,264.0,112.0,120.0,100.0,162.0,72.0,203.0,330.0,863.0,288.0,248.0,87.0,261.0,184.0,100.0,113.0,253.0,147.0,92.0,120.0,109.0,146.0,78.0,142.0,314.0,138.0,84.0,75.0,122.0,109.0,75.0,120.0,266.0,127.0,82.0,165.0,268.0,139.0,387.0,638.0,1058.0,285.0,274.0,104.0,261.0,164.0,132.0,116.0,309.0,167.0,151.0,115.0,106.0,108.0,105.0,203.0,303.0,121.0,196.0,115.0,166.0,130.0,112.0,157.0,154.0,95.0,118.0,169.0,79.0,119.0,141.0,333.0,308.0,126.0,107.0,80.0,105.0,98.0,101.0,129.0,183.0,110.0,91.0,188.0,149.0,175.0,152.0,405.0,330.0,125.0,108.0,128.0,93.0,146.0,117.0,334.0,419.0,203.0,146.0,397.0,313.0,330.0,614.0,1895.0,1079.0,260.0,245.0,319.0,362.0,151.0,224.0,524.0,443.0,116.0,105.0,131.0,117.0,109.0,139.0,927.0,304.0,114.0,145.0,118.0,155.0,106.0,111.0,212.0,122.0,86.0,96.0,153.0,81.0,108.0,140.0,835.0,222.0,122.0,88.0,78.0,118.0,111.0,82.0,171.0,108.0,95.0,93.0,124.0,94.0,180.0,142.0,670.0,174.0,110.0,105.0,151.0,113.0,189.0,213.0,387.0,143.0,170.0,130.0,392.0,122.0,358.0,505.0,2622.0,279.0,155.0,129.0,298.0,112.0,83.0,139.0,360.0,134.0,75.0,92.0,147.0,87.0,103.0,161.0,882.0,126.0,74.0,111.0,137.0,90.0,118.0,182.0,315.0,101.0,118.0,231.0,368.0,113.0,266.0,361.0,2015.0,283.0,206.0,90.0,729.0,111.0,142.0,145.0,649.0,129.0,116.0,127.0,459.0,165.0,367.0,373.0,2702.0,360.0,302.0,163.0,599.0,208.0,310.0,409.0,1925.0,1135.0,696.0,660.0,2563.0,753.0,1988.0,2470.0,155857.0,Label
img_9_2_8,7630.0,1091.0,998.0,369.0,1149.0,371.0,336.0,378.0,1351.0,403.0,258.0,214.0,328.0,162.0,344.0,541.0,1104.0,304.0,284.0,128.0,283.0,178.0,113.0,133.0,337.0,143.0,145.0,159.0,172.0,110.0,243.0,395.0,988.0,355.0,275.0,113.0,317.0,175.0,111.0,132.0,300.0,147.0,93.0,98.0,139.0,125.0,97.0,174.0,396.0,147.0,121.0,107.0,115.0,116.0,88.0,137.0,363.0,157.0,100.0,176.0,283.0,170.0,325.0,676.0,1160.0,313.0,329.0,148.0,325.0,151.0,140.0,150.0,389.0,176.0,152.0,146.0,156.0,92.0,136.0,232.0,416.0,135.0,203.0,118.0,140.0,106.0,96.0,160.0,168.0,108.0,142.0,168.0,106.0,142.0,183.0,345.0,334.0,126.0,111.0,93.0,168.0,117.0,90.0,170.0,235.0,169.0,104.0,195.0,146.0,176.0,178.0,439.0,352.0,163.0,136.0,142.0,133.0,166.0,157.0,399.0,544.0,284.0,187.0,496.0,407.0,389.0,681.0,2284.0,1370.0,325.0,294.0,359.0,376.0,193.0,259.0,587.0,608.0,157.0,147.0,157.0,174.0,124.0,171.0,816.0,396.0,148.0,152.0,135.0,171.0,116.0,153.0,255.0,161.0,117.0,93.0,174.0,117.0,134.0,149.0,878.0,276.0,142.0,121.0,106.0,158.0,133.0,104.0,169.0,142.0,104.0,111.0,151.0,101.0,213.0,144.0,632.0,205.0,143.0,119.0,187.0,153.0,159.0,199.0,480.0,170.0,171.0,151.0,407.0,178.0,381.0,490.0,2593.0,365.0,198.0,127.0,244.0,130.0,95.0,167.0,428.0,155.0,107.0,102.0,161.0,123.0,128.0,213.0,839.0,172.0,98.0,123.0,184.0,117.0,130.0,182.0,377.0,152.0,128.0,186.0,438.0,136.0,267.0,405.0,2031.0,340.0,218.0,91.0,664.0,146.0,175.0,184.0,686.0,180.0,179.0,141.0,494.0,214.0,383.0,406.0,2532.0,533.0,424.0,202.0,701.0,252.0,341.0,498.0,2306.0,1275.0,827.0,681.0,2669.0,863.0,2054.0,2516.0,145686.0,Label
